<PAD>	1000000000
<UNK>	1000000000
<SOS>	1000000000
<EOS>	100000000
-	7038
的	6692
`	5108
不	5030
人	5020
好	4994
是	4595
你	4535
我	4108
了	3560
有	3337
一	3293
去	2701
幹	2428
沒	2422
就	2418
國	2317
小	2027
會	2009
要	2006
都	1886
在	1884
說	1880
這	1853
到	1827
啊	1812
看	1760
吃	1731
嗎	1717
大	1628
台	1620
肥	1577
宅	1543
中	1517
想	1480
很	1427
來	1426
問	1391
還	1386
可	1301
麼	1288
個	1280
學	1179
開	1165
啦	1149
喔	1140
哈	1138
愛	1092
三	1056
子	1029
吧	1017
真	1015
以	1013
超	1003
阿	1001
過	996
用	990
點	988
女	963
錢	946
樣	923
他	920
天	909
上	900
什	876
多	876
也	872
那	871
時	867
灣	867
下	836
跟	832
家	830
文	830
先	812
生	798
覺	795
老	780
最	778
道	762
後	762
太	758
聽	754
出	752
妹	748
自	743
心	742
比	740
被	734
打	727
長	723
發	710
再	676
當	675
只	674
死	670
得	663
手	635
正	632
機	630
現	627
知	617
無	611
電	601
滾	600
買	599
頭	595
車	593
能	587
快	578
為	576
才	561
年	559
分	549
高	511
本	507
裡	503
成	501
公	498
變	493
話	493
QQ	489
叫	488
回	483
動	474
美	468
睡	460
哪	457
媽	444
工	444
馬	442
面	437
友	434
給	434
感	433
進	432
較	432
圖	429
起	429
氣	425
笑	424
惹	423
難	421
種	416
錯	415
別	414
明	408
水	407
幫	402
加	402
版	401
找	400
邊	398
認	381
玩	380
早	376
屁	376
部	371
己	369
北	368
姆	367
新	364
喜	363
咪	363
男	361
喇	359
事	359
外	358
怎	358
戰	352
拉	351
名	350
重	349
定	349
民	348
實	347
講	346
意	346
臭	344
體	344
兩	342
請	342
謝	341
像	340
關	338
該	338
做	338
法	337
雞	335
奶	334
東	332
對	331
應	330
然	330
師	327
放	327
又	326
直	324
八	323
甲	323
日	322
神	322
已	321
歡	318
幾	317
尻	316
紅	316
西	315
完	313
題	313
次	313
前	310
間	307
之	307
花	306
龍	306
殺	304
強	299
少	298
主	298
力	296
懶	294
油	290
爽	290
她	288
候	286
金	285
結	284
樂	283
包	281
業	280
把	279
經	277
誰	276
懂	276
欸	276
哥	275
門	272
掉	271
王	270
朋	268
篇	267
全	264
南	263
板	262
噁	261
堆	261
等	260
狗	260
剛	260
歌	259
場	259
眼	257
路	257
夠	256
賣	256
算	255
差	255
拿	254
行	254
假	253
張	252
卡	252
魚	252
記	250
貓	250
教	248
白	248
婆	247
萬	247
團	245
醒	244
廢	243
屌	241
字	240
寶	239
選	239
接	238
肉	238
海	238
黑	234
槍	233
地	232
準	232
喝	231
物	231
洗	230
風	230
帥	230
華	228
卦	228
作	228
盒	227
英	227
表	225
身	224
情	223
嘻	222
味	222
片	222
色	222
蓋	222
理	221
考	220
爛	220
第	218
口	217
裝	216
安	215
棒	214
店	213
所	212
二	212
緣	210
連	210
嘛	208
同	208
類	207
腦	206
讚	205
嘴	204
果	204
內	203
便	202
球	201
因	199
空	199
代	198
吉	197
號	195
爆	195
常	194
臉	194
們	194
香	193
音	193
著	192
念	191
備	190
拍	189
乾	188
化	188
根	188
轉	186
火	186
報	183
影	183
跑	183
試	183
月	182
班	182
韓	181
換	181
排	181
耶	180
兒	180
敢	180
書	180
夜	178
蛋	178
飯	175
山	175
光	175
數	174
走	171
支	171
告	170
巴	170
星	169
首	169
啥	167
黨	167
和	167
世	166
鬼	166
寫	165
讓	165
性	165
菜	164
聲	164
今	164
語	163
飛	163
麵	163
森	162
士	161
XD	161
方	161
單	160
醫	160
費	159
越	158
始	158
魯	158
滿	157
具	157
夢	156
集	156
原	156
林	156
亞	154
呢	154
熱	154
哭	153
低	153
隊	153
穿	153
娘	153
級	152
4	152
而	152
照	152
特	151
釣	150
怕	149
處	149
軟	148
組	148
科	148
險	148
解	148
票	147
住	147
信	147
妳	146
軍	146
線	146
聊	146
站	145
四	144
收	144
嗆	143
帶	143
清	143
貼	143
網	143
1	143
警	142
克	142
壓	142
底	142
專	141
豬	141
射	141
潮	140
如	139
唱	139
智	139
圾	139
每	138
騙	138
餐	138
垃	138
相	137
改	137
演	137
通	136
義	136
半	135
交	135
亂	135
久	135
歐	134
遊	134
葉	134
靠	134
員	134
其	134
騎	133
壞	133
87	133
膩	133
位	132
彈	132
者	132
度	132
斯	132
示	132
界	131
爸	131
貴	131
醜	131
害	130
掰	130
視	130
10	130
畫	130
精	129
保	129
賺	128
2	128
3	128
簽	127
園	127
聞	127
姐	127
五	127
送	126
抓	126
腳	126
養	126
期	125
市	125
反	125
茶	125
賽	125
合	124
配	124
隻	124
平	124
讀	124
怪	123
哦	123
司	123
晚	123
輕	123
黃	122
弟	122
戲	121
青	121
陽	121
標	121
屎	120
牛	120
統	120
抽	119
0	118
器	118
鐵	118
系	118
辦	117
總	117
囉	117
麻	117
校	116
毛	116
辣	116
修	116
插	115
流	115
煩	115
更	115
雨	115
吸	114
窩	114
從	114
政	113
魔	113
失	112
褲	112
腿	111
傳	111
雷	111
冰	111
贏	110
運	110
痛	110
檔	110
皮	110
呀	110
持	110
藥	110
桶	109
梗	109
冷	108
泡	107
丟	107
破	107
粉	107
倒	106
救	106
亮	106
母	105
遠	105
孩	105
百	104
十	104
識	104
整	104
翻	103
品	102
元	102
立	101
綠	101
思	101
障	101
證	100
投	100
舔	100
入	99
利	99
搶	98
達	98
城	98
離	97
狂	97
股	97
掛	97
跳	96
崩	96
衣	96
牌	96
摸	96
血	96
米	96
普	96
盜	95
der	95
約	95
尼	95
服	95
七	95
拜	94
蟲	94
雄	94
角	94
但	94
豆	93
館	93
調	93
杯	93
敗	93
資	93
雙	93
討	93
酒	93
豪	93
價	93
勞	93
房	92
炸	92
尿	92
鳥	91
舉	91
奇	91
硬	91
質	91
8	90
商	90
練	90
左	90
鍋	90
島	90
靈	90
護	89
勒	89
湯	89
稱	89
溫	89
留	89
補	89
藍	89
床	89
歲	89
課	89
條	88
管	88
提	88
9	88
闆	87
廣	87
習	87
播	87
千	86
輸	86
希	86
輪	85
拳	85
髮	85
守	85
形	85
望	85
值	85
檢	85
德	85
逆	84
沙	84
病	83
鄉	83
忘	83
停	83
毒	82
燒	82
切	82
際	82
牙	82
武	82
脫	82
格	82
慘	82
劇	81
陳	81
偷	80
何	80
咖	80
見	80
九	80
右	79
糞	79
客	79
搞	79
劍	78
式	78
酸	78
抱	78
街	78
領	78
恐	78
勝	78
節	77
齁	77
腸	77
木	77
素	77
波	77
術	77
莉	77
憐	76
派	76
噴	76
鏡	76
窮	76
套	76
蠻	76
務	76
飽	75
容	75
福	75
塞	75
潰	75
食	75
社	75
石	74
續	74
聖	74
近	74
咧	74
祝	74
李	73
參	73
鐘	73
醬	73
樓	72
龜	72
親	72
些	72
簡	72
麥	72
川	72
產	72
浪	72
顆	72
指	72
呵	72
喵	72
功	72
言	71
操	71
終	71
休	71
唸	71
建	71
區	71
概	71
蛇	71
貨	71
職	70
絲	70
院	70
模	70
查	69
察	69
狀	69
背	69
兵	69
料	69
或	69
衛	68
塊	68
羅	68
趴	68
乖	68
六	67
凸	67
R	67
陰	67
佛	67
型	67
未	67
使	67
姊	67
罵	67
密	66
坐	66
基	66
恩	66
量	66
某	66
列	65
肚	65
咩	65
爾	65
烤	65
室	65
廠	65
圈	65
紀	65
禮	64
論	64
懷	64
蘭	64
於	64
需	64
港	64
鼻	64
古	64
紙	64
確	64
免	64
刪	64
按	64
ptt	63
求	63
草	63
吹	63
桃	63
餅	63
退	63
午	63
春	63
落	63
尾	63
永	63
活	62
權	62
受	62
態	62
計	62
輩	62
乳	62
野	62
獸	62
傷	62
消	62
瓜	62
限	61
麗	61
局	61
曲	61
目	61
仙	61
胖	61
雲	61
藝	61
土	61
康	61
優	61
鮑	61
營	60
哩	60
創	60
燈	60
易	60
砲	60
X	60
婚	60
向	60
順	60
敵	59
Q	59
霸	59
廁	59
詞	59
官	59
刀	59
畢	59
鵝	59
煮	59
乃	59
惡	59
係	58
絕	58
戀	58
臺	58
烏	58
帳	58
防	58
漢	58
幻	58
20	58
歪	57
必	57
暴	57
餓	57
漫	57
露	57
100	57
負	56
止	56
命	56
粗	56
繼	56
7	56
鬥	56
章	56
取	56
迷	56
泰	56
程	55
各	55
鴨	55
袋	55
周	55
深	55
興	55
甜	55
蘿	55
樹	55
幣	55
里	54
糖	54
聯	54
猜	54
驗	54
布	54
祖	54
觀	54
嚇	54
造	54
童	53
甘	53
享	53
睛	53
歉	53
顏	53
蔡	53
倫	53
閉	53
象	53
志	52
財	52
仔	52
鋼	52
貝	52
陸	52
異	52
斷	52
屍	52
速	52
唯	52
怖	52
擅	51
技	51
宜	51
筆	51
議	51
熊	51
極	51
衝	51
暖	51
5	51
維	51
非	51
趕	50
逼	50
蘇	50
健	50
案	50
居	50
盤	50
兇	50
呼	50
步	49
製	49
厭	49
父	49
A	49
承	49
刷	49
除	49
制	49
誤	49
與	49
偽	49
叔	49
存	49
慶	49
騷	48
蝦	48
賤	48
史	48
至	48
共	48
丸	48
冒	48
50	48
壁	48
鍵	47
苦	47
巨	47
虎	47
GG	47
唷	47
洲	47
耳	47
忍	47
厲	47
初	47
慢	47
吵	47
汁	47
靜	47
滑	47
咬	46
o	46
嗚	46
猛	46
噗	46
閃	46
隔	46
田	46
威	45
碼	45
獵	45
任	45
嗯	45
爭	45
薪	45
夫	45
例	45
挑	44
帝	44
富	44
足	44
治	44
雪	44
故	44
願	44
缺	44
決	44
跨	43
悲	43
追	43
欠	43
助	43
銷	43
丁	43
炒	43
蹦	43
借	43
12	43
景	43
答	43
由	43
姓	43
緊	42
楚	42
頂	42
私	42
圓	42
滅	42
宮	42
擊	42
XDDD	42
哇	42
省	42
傑	42
弱	41
嘉	41
良	41
律	41
剩	41
扁	41
複	41
蛤	41
典	41
群	41
付	41
熟	41
印	41
控	40
泥	40
胸	40
炮	40
州	40
驚	40
濕	40
XDD	40
堂	40
竹	40
隨	40
亡	40
液	40
旁	40
效	40
震	40
復	40
傻	40
姦	39
導	39
待	39
鬆	39
捏	39
洽	39
充	39
繞	39
癢	39
滋	39
搭	39
眾	39
累	39
蚊	39
設	39
擔	39
招	38
注	38
菊	38
載	38
夾	38
淨	38
偶	38
獎	38
抖	38
刺	38
瘋	38
鮮	38
胎	37
碗	37
仇	37
河	37
京	37
瑜	37
藏	37
戴	37
砍	37
P	37
秒	37
減	37
吐	37
吼	37
測	37
善	37
厚	36
季	36
娜	36
句	36
雜	36
秘	36
含	36
榮	36
妻	36
旅	36
擠	36
梅	36
亭	36
洋	36
殘	36
忙	36
撞	35
澡	35
郭	35
憶	35
源	35
究	35
規	35
罪	35
夏	35
顯	35
T	35
禿	35
舒	35
秀	35
拔	35
劉	35
率	35
鼠	35
昨	35
勢	35
短	35
洞	35
剪	35
狼	34
博	34
堡	34
911	34
迎	34
干	34
訴	34
育	34
它	34
默	34
螂	34
預	34
唉	34
蟑	34
google	34
幸	34
孫	34
番	34
惜	33
抄	33
柯	33
淫	33
危	33
錄	33
舌	33
摩	33
孤	33
往	33
符	33
骨	33
升	33
研	33
府	33
賭	33
宇	33
透	33
濟	33
獨	33
煙	33
撿	33
鳳	33
嘿	32
冠	32
甚	32
索	32
胃	32
牠	32
蜜	32
族	32
牽	32
棄	32
30	32
丹	32
弄	32
瘦	32
v	32
談	32
散	32
江	31
挖	31
塔	31
爪	31
鹹	31
封	31
攻	31
雯	31
座	31
G	31
暗	31
戒	31
嚴	31
附	31
皇	31
奴	31
慰	31
微	31
範	30
糧	30
歷	30
傲	30
恭	30
陪	30
秋	30
許	30
箱	30
膠	30
輯	30
襪	30
擋	30
材	30
件	30
譯	30
裸	30
況	30
農	30
鬧	30
沉	30
湖	30
層	29
淚	29
末	29
胡	29
縮	29
妮	29
喊	29
勇	29
B	29
釋	29
症	29
趣	29
搖	29
引	29
6	29
菸	29
爺	29
此	29
77	29
銀	29
爬	29
適	29
您	29
r	29
孔	29
陣	29
環	28
涼	28
渣	28
伯	28
孝	28
吱	28
吳	28
撐	28
18	28
冬	28
罐	28
婦	28
佩	28
沖	28
犯	28
po	28
髒	28
羊	28
份	28
a	28
互	28
凱	28
伊	27
將	27
揮	27
俠	27
慾	27
啾	27
拆	27
誠	27
零	27
段	27
申	27
巧	27
尋	27
蓮	27
徵	27
移	27
肝	27
朵	27
D	27
訊	27
踢	26
降	26
擾	26
慕	26
頓	26
詩	26
罰	26
遇	26
積	26
躺	26
笨	26
庫	26
爐	26
頁	26
甩	26
拖	26
息	26
楊	26
幼	26
扣	26
混	26
架	26
純	26
躲	25
潤	25
慣	25
乎	25
登	25
雅	25
漂	25
督	25
董	25
虛	25
宗	25
欺	25
束	25
噹	25
鴿	25
賊	25
染	25
帽	25
鞋	25
游	25
獄	25
500	25
玉	25
橋	25
煎	25
響	25
矮	25
展	25
及	25
航	25
盡	24
凌	24
苗	24
擦	24
擺	24
撒	24
挺	24
羨	24
奧	24
妖	24
幕	24
責	24
蘋	24
役	24
顧	24
蕉	24
刻	24
飲	24
荷	24
池	24
珠	24
蔗	24
奈	24
糕	24
彩	24
56	24
腰	24
晨	24
R20	24
境	24
珍	24
M	23
揪	23
嗨	23
壽	23
舞	23
谷	23
墊	23
繳	23
針	23
莖	23
炎	23
剁	23
鹽	23
偉	23
跪	23
鎖	23
禁	23
猴	23
颱	23
疑	23
割	23
94	23
悔	23
億	23
曾	23
謀	23
執	23
啡	23
寄	23
莎	23
沈	23
滴	23
叭	23
踏	23
屋	23
XDDDD	23
兔	22
巷	22
逛	22
惠	22
怒	22
飄	22
1F	22
癡	22
哀	22
週	22
郎	22
拎	22
握	22
擇	22
訂	22
萌	22
訓	22
啟	22
嫩	22
溝	22
託	22
企	22
替	22
判	22
款	22
奮	22
監	22
兄	22
40	22
戶	22
p	22
呆	21
嫌	21
尊	21
嘎	21
急	21
妙	21
迪	21
暑	21
潔	21
岸	21
遍	21
莊	21
5566	21
松	21
桌	21
堅	21
筋	21
酥	21
畜	21
肯	21
斬	21
佳	21
吞	21
x	21
汗	21
CD	21
肩	21
閒	21
漲	21
偏	21
牆	20
13	20
舊	20
餵	20
FB	20
魂	20
遺	20
24	20
搬	20
哲	20
瑞	20
賓	20
臟	20
孕	20
丘	20
紫	20
獅	20
慮	20
餃	20
突	20
令	20
17	20
C	20
譽	20
銅	20
宵	20
旗	20
納	20
脂	20
細	20
扯	20
22k	20
掌	20
圍	20
徐	20
捲	20
泳	20
辛	20
仁	20
塗	20
歸	20
毀	20
搜	20
彎	20
鄭	20
O	20
掃	20
核	20
嬤	20
朝	20
聰	20
療	20
costco	20
豚	20
供	20
賠	20
蕾	19
灌	19
諾	19
螢	19
彥	19
洪	19
啤	19
粽	19
200	19
稅	19
羞	19
謊	19
閱	19
菲	19
滷	19
歧	19
輔	19
姑	19
寂	19
櫃	19
梯	19
協	19
扮	19
囧	19
痴	19
且	19
般	19
裂	19
敲	19
據	19
倍	19
梨	19
虐	18
貧	18
夯	18
惱	18
11	18
汽	18
殼	18
拼	18
庭	18
灑	18
醉	18
盟	18
驕	18
蛙	18
棉	18
蔣	18
摳	18
競	18
激	18
薩	18
廚	18
籃	18
蟹	18
賴	18
增	18
縫	18
腐	18
凍	18
櫻	18
辱	18
棟	18
則	18
逃	18
召	18
腎	18
塑	18
蜂	18
駕	18
購	18
介	18
轟	18
榨	18
編	18
濃	18
15	18
凶	18
黏	18
哼	18
伴	18
葛	18
菇	18
卷	18
暈	17
診	17
窗	17
薯	17
淋	17
噢	17
祥	17
伍	17
壢	17
黎	17
澳	17
憂	17
恥	17
瑪	17
60	17
另	17
即	17
娶	17
寧	17
喚	17
姿	17
遲	17
秦	17
憲	17
抗	17
隱	17
穴	17
徒	16
塵	16
寞	16
屬	16
XX	16
蔥	16
叉	16
兆	16
鎮	16
餘	16
探	16
覽	16
批	16
玲	16
淡	16
QAQ	16
罩	16
捐	16
霍	16
趁	16
廳	16
game	16
莓	16
壯	16
1000	16
殭	16
若	16
勃	16
村	16
祭	16
伺	16
U	16
嚕	16
芙	16
礙	16
膚	16
齒	16
尚	16
脆	16
灰	16
鄰	16
蟻	16
襲	16
ok	16
莫	16
蛆	16
晶	16
qq	16
gg	16
漏	16
竟	15
眠	15
船	15
漿	15
授	15
嬌	15
違	15
墨	15
Google	15
渡	15
楓	15
恨	15
犬	15
妝	15
邪	15
朗	15
置	15
摔	15
嬰	15
88	15
鹿	15
刑	15
猶	15
kobe	15
鈴	15
汪	15
耍	15
佐	15
依	15
卻	15
K	15
ikea	15
橘	15
蹲	15
碰	15
延	15
op	15
5f	15
姬	15
幽	15
趙	15
隆	15
霧	15
艦	15
翹	15
翔	14
央	14
沾	14
押	14
賀	14
擬	14
觸	14
耐	14
溪	14
捷	14
澤	14
饅	14
曬	14
吊	14
罷	14
鬍	14
忠	14
癌	14
鷹	14
踩	14
磨	14
邏	14
唐	14
坦	14
瓦	14
坡	14
瓶	14
賢	14
輝	14
柔	14
額	14
膀	14
萊	14
嘔	14
岡	14
OP	14
桑	14
採	14
雖	14
斗	14
嘟	14
疼	14
蠢	14
4ni	14
井	14
傅	14
宙	14
杰	14
氏	14
頻	14
邱	14
折	14
梁	14
估	14
80	13
疊	13
婊	13
劑	13
益	13
姨	13
翅	13
get	13
賞	13
撈	13
曼	13
泉	13
fb	13
綿	13
坑	13
齊	13
施	13
嗑	13
炫	13
酷	13
杜	13
啪	13
媒	13
齡	13
債	13
180	13
忌	13
凡	13
壘	13
檬	13
避	13
藤	13
似	13
喉	13
屄	13
誕	13
彰	13
宿	13
腥	13
獻	13
玻	13
繩	13
評	13
馱	13
栗	13
礁	13
磁	13
伸	13
洛	13
捧	13
耀	13
勿	13
綁	13
腫	13
穩	13
災	13
仲	13
胞	13
燃	13
唬	13
璃	13
娃	13
檸	13
緩	12
桐	12
誘	12
污	12
勤	12
碎	12
椅	12
俗	12
蕭	12
跌	12
戳	12
垢	12
仰	12
line	12
返	12
肺	12
爹	12
浴	12
佰	12
暫	12
嘍	12
聚	12
織	12
捅	12
滯	12
贊	12
晃	12
植	12
盛	12
y	12
芭	12
墓	12
洩	12
宏	12
扇	12
菌	12
煞	12
裁	12
潛	12
端	12
宣	12
佑	12
廟	12
74	12
棋	12
叛	12
撲	12
叮	12
豹	12
枕	12
裏	12
頗	12
寒	12
臨	12
蒸	12
300	12
邦	12
痔	12
詐	12
准	12
蠟	12
雕	11
岳	11
228	11
粥	11
遙	11
NBA	11
略	11
君	11
敏	11
儀	11
註	11
致	11
霜	11
援	11
s	11
箭	11
誇	11
16	11
辭	11
廂	11
掏	11
咦	11
鬱	11
鼓	11
蒼	11
均	11
掩	11
AV	11
VR	11
衰	11
貞	11
勾	11
鈔	11
愈	11
佔	11
誅	11
皂	11
25	11
虧	11
錶	11
碩	11
砂	11
XDDDDDD	11
階	11
剝	11
呦	11
傘	11
淘	11
90	11
蒙	11
屏	11
紹	11
粒	11
困	11
籤	11
溜	11
碟	11
串	11
攤	11
瞪	11
end	11
蝶	11
鋒	11
嬸	11
頸	11
碧	10
蘆	10
梭	10
蚣	10
薇	10
揍	10
珊	10
啃	10
玫	10
蹤	10
b	10
蒜	10
拒	10
碳	10
辜	10
gay	10
炭	10
仿	10
吻	10
賈	10
瑰	10
融	10
淹	10
鳴	10
漆	10
努	10
尺	10
揚	10
芳	10
寺	10
葡	10
余	10
租	10
KMT	10
蜈	10
椒	10
副	10
484	10
30cm	10
kmt	10
腹	10
柴	10
籍	10
JJ	10
哎	10
霹	10
拐	10
攝	10
址	10
茄	10
肌	10
瑋	10
峰	10
喬	10
豐	10
焦	10
琴	10
慈	10
21	10
截	10
119	10
寸	10
靂	10
否	10
撥	10
袖	10
浩	10
掀	10
嫁	10
俄	10
眉	10
埋	10
鄧	10
XDDDDD	10
審	10
lol	10
廉	10
赤	9
迴	9
丼	9
倉	9
120	9
u	9
愚	9
固	9
侵	9
喪	9
俊	9
諷	9
FBI	9
嫑	9
曹	9
漸	9
肪	9
喂	9
彼	9
裙	9
腔	9
逢	9
須	9
錦	9
尬	9
脈	9
腺	9
扛	9
鞭	9
19	9
萄	9
銘	9
琳	9
烈	9
歹	9
毅	9
項	9
cd	9
勁	9
膜	9
柱	9
14	9
悶	9
芝	9
vs	9
尤	9
紋	9
培	9
墮	9
斑	9
誒	9
拌	9
劣	9
尖	9
蕊	9
溼	9
涵	9
IKEA	9
烙	9
ya	9
朱	9
蛛	9
卓	9
籠	9
鯨	9
劃	9
ey	9
4x	9
nba	9
械	9
I	9
昆	9
艾	9
丫	9
扭	9
采	9
飆	9
浮	9
00	8
棍	8
燕	8
陀	8
崎	8
m	8
嫂	8
ob	8
蒂	8
73	8
迫	8
窟	8
削	8
謂	8
youtube	8
后	8
悉	8
披	8
膽	8
盧	8
委	8
桿	8
DER	8
J	8
衡	8
砸	8
yayakaka	8
27	8
寬	8
欣	8
恰	8
2017	8
膏	8
熬	8
喲	8
榔	8
683T	8
垣	8
嚨	8
驅	8
奔	8
貪	8
諒	8
坂	8
蕩	8
Z	8
yo	8
Y	8
誌	8
鍊	8
托	8
柳	8
鮪	8
繪	8
抵	8
貢	8
HTC	8
肏	8
jpg	8
瘡	8
r20	8
遮	8
陶	8
儲	8
Costco	8
劈	8
績	8
騰	8
敬	8
app	8
晴	8
JP	8
隸	8
軒	8
嘶	8
抬	8
c	8
螺	8
紐	8
勵	8
侮	8
皆	8
劫	8
魏	8
45	8
柏	8
革	8
g	8
抹	8
匙	8
72	8
翰	8
兼	8
檳	8
斤	8
稀	8
鯉	8
猩	8
斜	8
雀	8
軌	8
online	8
糊	8
閣	8
帕	8
3000	8
陷	8
OK	8
曉	7
憤	7
陵	7
擼	7
屑	7
槓	7
伙	7
www	7
鑽	7
峽	7
扶	7
睪	7
CP	7
翁	7
26	7
佈	7
凹	7
玄	7
IG	7
緒	7
毫	7
CCR	7
淒	7
426	7
BD	7
2F	7
赫	7
28	7
策	7
瞬	7
2000	7
芬	7
堪	7
飾	7
淑	7
101	7
構	7
謠	7
阻	7
枝	7
坤	7
宋	7
奪	7
蜘	7
44	7
彌	7
85	7
螞	7
鋪	7
湊	7
怨	7
joke	7
搓	7
旋	7
悟	7
祕	7
丑	7
贛	7
揉	7
哆	7
壇	7
茫	7
鋸	7
勸	7
獲	7
縣	7
3F	7
cos	7
敷	7
霾	7
蛾	7
臍	7
貸	7
肆	7
狐	7
夥	7
稚	7
催	7
捕	7
堵	7
pass	7
薰	7
糙	7
刮	7
卵	7
淦	7
漁	7
w	7
勉	7
殖	7
墳	7
旺	7
序	7
兀	7
LOL	7
煉	7
氧	7
KY	7
鯛	7
冥	7
蓉	6
妍	6
k	6
殊	6
杏	6
蠅	6
i	6
昏	6
鋅	6
sow	6
藉	6
魷	6
垮	6
裔	6
孟	6
婷	6
損	6
駝	6
35	6
岩	6
22	6
辯	6
欲	6
V	6
鑑	6
帖	6
霉	6
49	6
霓	6
燉	6
乏	6
囊	6
盾	6
乞	6
70	6
敦	6
並	6
av	6
咕	6
傢	6
駱	6
zzz	6
肖	6
dpp	6
邀	6
謎	6
盆	6
GGrunrundela	6
燥	6
DPP	6
昔	6
f	6
趾	6
ov	6
阪	6
茹	6
S	6
疆	6
YA	6
慧	6
bye	6
play	6
芋	6
嘆	6
BMI	6
禍	6
闢	6
Rrr	6
嘖	6
弓	6
夕	6
絡	6
乙	6
軸	6
席	6
t	6
蟬	6
燙	6
5000	6
SOD	6
羽	6
燦	6
hao123	6
LP	6
禽	6
36	6
moptt	6
詹	6
奏	6
瀨	6
框	6
橡	6
捨	6
鰻	6
妓	6
蕃	6
kellymochi	6
垂	6
鉤	6
hebe	6
諧	6
扎	6
遜	6
糟	6
屠	6
跩	6
OuO	6
輛	6
mv	6
2016	6
蓬	6
360	6
yoyo	6
yoyodiy	6
嘗	6
胯	6
淇	6
鶯	6
繁	6
ATM	6
紗	6
鑰	6
巫	6
潘	6
爲	6
恆	6
XDDDDDDDDDD	6
淺	5
呂	5
熙	5
函	5
刊	5
巡	5
臘	5
ADSL	5
訕	5
稿	5
俱	5
馨	5
88888	5
貌	5
弊	5
脖	5
津	5
滔	5
尹	5
偵	5
150	5
700	5
舜	5
癖	5
勳	5
鹼	5
驢	5
映	5
趟	5
UCCU	5
呃	5
述	5
添	5
醋	5
稻	5
褻	5
昭	5
徹	5
潑	5
患	5
悅	5
餌	5
閨	5
腋	5
僕	5
惑	5
綵	5
飼	5
JK	5
81000	5
妨	5
擁	5
睏	5
蚌	5
跡	5
寨	5
咒	5
唇	5
W	5
GET	5
詭	5
填	5
GOOGLE	5
詳	5
柚	5
詢	5
飢	5
牲	5
羈	5
AA	5
肢	5
猥	5
寵	5
H	5
遣	5
缸	5
孬	5
伏	5
64	5
爵	5
旭	5
濫	5
拋	5
緯	5
酵	5
埔	5
漠	5
駛	5
刃	5
嘲	5
遭	5
舟	5
燭	5
69	5
MV	5
糸	5
魅	5
蠣	5
117	5
韋	5
諸	5
霞	5
糯	5
欄	5
you	5
迦	5
甫	5
600	5
嵐	5
汙	5
坨	5
seafood	5
梓	5
乘	5
憨	5
h	5
鼎	5
暱	5
葵	5
丈	5
醇	5
3D	5
RS5566	5
域	5
妄	5
芯	5
淪	5
澎	5
奉	5
妞	5
蝴	5
謖	5
粹	5
甄	5
覆	5
2500	5
划	5
昌	5
顫	5
泣	5
掙	5
蝨	5
4k	5
悠	5
兮	5
占	5
雉	5
蔔	5
楞	5
餿	5
范	5
75	5
KTV	5
芸	5
凝	5
訪	5
耖	5
盲	5
鶴	5
LINE	5
羹	5
杖	5
go	5
j	5
咻	5
鯊	5
EQ	5
bang	4
牧	4
wwww	4
哨	4
琪	4
檻	4
筍	4
矛	4
屆	4
瀉	4
cp	4
耗	4
憋	4
82	4
云	4
側	4
攬	4
藪	4
42	4
110	4
丐	4
幅	4
GO	4
唾	4
矽	4
濾	4
屈	4
紮	4
7533967	4
avi	4
amd	4
靴	4
挨	4
茉	4
圭	4
綜	4
胬	4
肋	4
seabox	4
繡	4
yee	4
輻	4
拚	4
臥	4
溢	4
惦	4
餒	4
促	4
虱	4
鸚	4
N	4
鋁	4
綱	4
q	4
TVBS	4
蹄	4
侶	4
high	4
youtuber	4
縱	4
樁	4
茲	4
譚	4
4F	4
汰	4
mo	4
穗	4
曠	4
bug	4
瞧	4
tt1069	4
儘	4
傭	4
遁	4
k3	4
薄	4
芒	4
playone	4
蟯	4
78	4
PP	4
糾	4
曖	4
旦	4
冉	4
礦	4
ALT	4
振	4
蒐	4
僅	4
麝	4
郵	4
RR	4
JaneZhang	4
枉	4
涯	4
桂	4
卸	4
鏢	4
囂	4
佬	4
姻	4
澆	4
蔘	4
庚	4
realtw	4
xx	4
鬚	4
3310	4
毯	4
rr	4
165	4
asus	4
踹	4
綾	4
戚	4
魁	4
署	4
誼	4
榴	4
勺	4
巾	4
逐	4
雌	4
嶺	4
擲	4
兜	4
哮	4
酬	4
key	4
SM	4
2015	4
牢	4
饒	4
坪	4
婪	4
虹	4
庇	4
螃	4
伐	4
榜	4
蒿	4
蠶	4
斌	4
撇	4
摻	4
鎳	4
坎	4
禪	4
懿	4
QQQ	4
QOO	4
sod	4
竅	4
袁	4
zz	4
娛	4
丙	4
剌	4
虫	4
穆	4
渴	4
艇	4
QwQ	4
jay	4
么	4
鎂	4
wifi	4
ki	4
吋	4
嚐	4
鴉	4
in	4
Ptt	4
赦	4
槽	4
47	4
卑	4
man	4
纜	4
癮	4
攏	4
ininder	4
薑	4
剃	4
蹟	4
E	4
牟	4
鍾	4
撕	4
瘤	4
拾	4
61	4
e	4
屯	4
契	4
瀟	4
挪	4
AMD	4
釀	4
狄	4
WOW	4
喘	4
昂	4
1999	4
牡	4
懸	4
22K	4
AI	4
匿	4
闖	4
夷	4
椰	4
486	4
嘞	4
XDDDDDDDD	4
搗	4
zzzzzz	4
于	4
娼	4
逝	4
暢	4
朕	4
嗜	4
65	4
噎	4
拓	4
叩	4
哄	4
氵	4
bravo	4
卜	4
吠	4
吾	4
GAY	4
888888	4
痰	4
艙	4
槤	4
99	4
衷	4
mvp	4
壺	4
APP	4
昇	4
JAY	3
蜥	3
仕	3
嘰	3
or	3
108	3
盪	3
亨	3
hank	3
111	3
恁	3
遷	3
逸	3
wife	3
昧	3
刁	3
TT1069	3
Go	3
諜	3
TT	3
蚤	3
悍	3
F4	3
靚	3
YouTube	3
OL	3
dcard	3
庸	3
呷	3
疫	3
痕	3
麽	3
蝙	3
斧	3
稍	3
LBJ	3
剋	3
Howdoyouturnthison	3
芹	3
併	3
no	3
綺	3
steam	3
途	3
Hebe	3
殿	3
Gay	3
live	3
XDDDDDDD	3
蟎	3
XDDDDDDDDDDDDD	3
VS	3
茂	3
舅	3
弦	3
殤	3
斂	3
Dcard	3
札	3
ing	3
玷	3
痿	3
嫣	3
埕	3
妥	3
毆	3
浣	3
躬	3
伽	3
4f	3
宴	3
2020	3
10k	3
jojo	3
匹	3
鈞	3
壹	3
妃	3
puma	3
BMW	3
憑	3
御	3
綽	3
happy	3
駐	3
OO	3
奸	3
纖	3
裹	3
adsl	3
鑼	3
LL	3
d	3
Fire	3
磚	3
哉	3
拱	3
椿	3
償	3
衫	3
陌	3
瞳	3
馥	3
140	3
217	3
WIFI	3
憾	3
霆	3
軀	3
癒	3
脊	3
咆	3
BJ4	3
緋	3
距	3
愁	3
isis	3
玖	3
瑚	3
NTR	3
欖	3
closer	3
檯	3
9453	3
槌	3
彭	3
VPN	3
膨	3
RAP	3
履	3
aq1	3
泊	3
i5	3
孽	3
郝	3
膝	3
wiki	3
穎	3
衍	3
澀	3
芽	3
矩	3
轎	3
棚	3
蒻	3
Don	3
摺	3
59	3
呯	3
竊	3
瞎	3
亢	3
ni	3
036	3
允	3
俐	3
穌	3
cc	3
蒟	3
XP	3
鵰	3
筊	3
夭	3
揭	3
拯	3
濤	3
蚵	3
抑	3
霖	3
怡	3
粘	3
狹	3
栓	3
售	3
128	3
庵	3
rose	3
逗	3
崙	3
摘	3
襄	3
ROC	3
崔	3
殷	3
33	3
blaz	3
COSTCO	3
攜	3
旱	3
廷	3
販	3
頌	3
IU	3
蔓	3
rrr	3
嶽	3
撤	3
艋	3
48	3
椎	3
mlb	3
xddd	3
OS	3
low	3
蜀	3
鏟	3
鵲	3
氛	3
絞	3
baby	3
泌	3
嗶	3
沿	3
兌	3
町	3
zzzz	3
ITgoodtodrink	3
焚	3
000	3
K3	3
X5	3
斃	3
侯	3
蝠	3
F	3
乂	3
蟾	3
扳	3
39	3
埃	3
瓏	3
襯	3
note7	3
斐	3
666	3
亦	3
晉	3
薛	3
鴻	3
8888	3
NONO	3
34	3
樺	3
ZZ	3
L	3
1949	3
瞄	3
鬃	3
芥	3
3DS	3
橄	3
仍	3
姜	3
狸	3
DJ	3
盃	3
栽	3
繃	3
懼	3
cool	3
廊	3
拷	3
KD	3
4000	3
辰	3
摟	3
旨	3
凜	3
鯰	3
23	3
麟	3
匯	3
朔	3
xD	3
84	3
PS4	3
盔	3
龐	3
拇	3
徑	3
mayshowgunmore	3
boy	3
貿	3
姵	3
墾	3
瑤	3
95	3
遞	3
51	3
睜	3
逮	3
敖	3
howhow	3
膛	3
683	3
鄙	3
la	3
MVP	3
菠	3
毳	3
葬	3
紛	3
儒	3
眨	3
689	3
me	3
10000	3
蛹	3
踐	3
6000	3
墜	3
蓄	3
纏	3
ED	3
66	3
脾	3
澄	3
駭	3
code	3
size	3
閹	3
酪	3
151	3
blue	3
疾	3
momo	3
DIY	3
8888888	3
嶼	3
鱉	3
忽	3
sorry	3
舺	3
噌	3
cloud	2
86	2
嚼	2
SR	2
趨	2
BBA	2
Kiikii	2
棠	2
29182290	2
1600	2
竇	2
231	2
翼	2
z	2
9527	2
HW	2
蠕	2
case	2
a100	2
靖	2
wootalk	2
醐	2
券	2
A1	2
247	2
staff23	2
慌	2
while	2
蠱	2
8591	2
苞	2
is	2
reddit	2
擎	2
撩	2
83	2
罕	2
777	2
wwwwwwwwwwww	2
nigga	2
by	2
喻	2
4fsafe	2
咱	2
炳	2
噬	2
鱷	2
fatpork	2
It	2
碾	2
ww	2
BF1	2
樑	2
AP	2
挫	2
竿	2
2014	2
hen	2
玟	2
戮	2
臂	2
NO	2
瑟	2
鈣	2
嗷	2
K6v	2
gayporn	2
哽	2
淳	2
2B	2
neko	2
penny	2
娣	2
100000	2
蜴	2
沛	2
yahoo	2
渺	2
381	2
145	2
鴛	2
1989	2
EMT	2
1200	2
OGC	2
鞠	2
saber	2
easy	2
舍	2
絆	2
Ken3	2
邵	2
臼	2
xd	2
犧	2
枯	2
痣	2
攔	2
928	2
one	2
錘	2
524	2
750	2
皺	2
Sony	2
会	2
cubs	2
h123	2
Steam	2
藐	2
描	2
WWE	2
俘	2
塚	2
fuck	2
弩	2
卿	2
CK	2
瓷	2
宰	2
葫	2
気	2
Obov	2
feat	2
謙	2
瞞	2
888888888888888	2
enter	2
剿	2
錨	2
鱈	2
014	2
鋰	2
詛	2
崗	2
WTF	2
葩	2
wwwwwwww	2
禧	2
匡	2
boss	2
Michael	2
XDDDDDDDDD	2
BL	2
廖	2
燻	2
Rio	2
菈	2
Master	2
990	2
wakeup	2
6F	2
琦	2
伶	2
蝓	2
瑩	2
acer	2
nacy	2
HIGH	2
NHK	2
捍	2
瑄	2
鬨	2
BZ	2
proxy	2
3M	2
嶋	2
Iliketo	2
扌	2
茼	2
Firstshadow	2
ig	2
诶	2
ncc	2
氫	2
191	2
501	2
Online	2
VOD	2
G8	2
home	2
懲	2
畔	2
wbc	2
寡	2
139	2
蟒	2
478	2
2ch	2
噸	2
辨	2
twice	2
朧	2
wwwwwwwwww	2
08	2
up	2
蠔	2
sim	2
瞇	2
萎	2
韻	2
甭	2
saymyname	2
疲	2
姪	2
裘	2
僮	2
2018	2
蔬	2
29	2
灘	2
媚	2
汝	2
BobDylan	2
岐	2
smile	2
faple	2
崖	2
420	2
SMOrc	2
gaybar	2
win10	2
Youcan	2
狠	2
B8	2
LAG	2
煲	2
The	2
NFL	2
豈	2
kkbox	2
糰	2
fat	2
迺	2
嚶	2
YT	2
叨	2
BabyRage	2
oo	2
瞰	2
kappa	2
PASS	2
77777	2
碑	2
鍍	2
3p	2
HAIR	2
box	2
岱	2
錐	2
Nike	2
仗	2
擴	2
矢	2
8000	2
trivago	2
韌	2
曦	2
test	2
KP	2
壳	2
GTA	2
禱	2
饗	2
4no	2
剎	2
400	2
Yoyoyo	2
撬	2
135	2
蟳	2
焰	2
apple	2
44444	2
Hajime	2
sony	2
Apple	2
Reuters	2
刈	2
朦	2
蝸	2
318	2
CPU	2
寢	2
nightwish	2
Exhentai	2
1985	2
63	2
簫	2
犀	2
裕	2
哧	2
usb	2
蘑	2
粟	2
壩	2
dos	2
橙	2
唔	2
惇	2
琉	2
曰	2
wwwwwwwww	2
2300	2
kmter	2
搔	2
咚	2
僵	2
萍	2
屢	2
948794	2
QnQ	2
Mo	2
elephant	2
AAAA	2
O2	2
婿	2
ed	2
Gakki	2
愧	2
kent	2
愣	2
3345678	2
087	2
87000	2
揹	2
GAME	2
鱸	2
樸	2
狙	2
ALLIN	2
緻	2
籌	2
婭	2
弘	2
1f	2
凰	2
霄	2
com	2
楷	2
躍	2
English	2
IV	2
100p	2
atm	2
繭	2
ABS	2
NOTE7	2
浸	2
307	2
贈	2
嫲	2
豫	2
CNN	2
緹	2
rabbit	2
傾	2
孜	2
002	2
Baby	2
秤	2
熄	2
10p	2
潭	2
齣	2
禦	2
鉛	2
褚	2
涕	2
QQQQ	2
50P	2
嘯	2
711	2
derla	2
iPad	2
hi	2
424	2
Excel	2
semen	2
冊	2
EY	2
酋	2
Lin	2
talk	2
Kyo	2
糗	2
Xd	2
wwwwww	2
62	2
Mac	2
妒	2
Lancer	2
魘	2
撼	2
8888888888888	2
闊	2
2012	2
0204	2
I8	2
戈	2
Nokia3310	2
昊	2
C8763	2
push	2
賦	2
kiss	2
拗	2
prettytight	2
沼	2
YG	2
wwwww	2
ps4	2
visa	2
鴇	2
晏	2
鞏	2
孓	2
艷	2
bitch	2
鱔	2
痞	2
闐	2
鵑	2
渝	2
妲	2
Sai	2
滲	2
柬	2
疏	2
祿	2
筒	2
曆	2
笠	2
SMAP	2
誓	2
袞	2
lix	2
笛	2
躁	2
02	2
奀	2
倪	2
哏	2
alphago	2
蠍	2
Spotify	2
征	2
elite	2
abgroundcolerful	2
壤	2
轅	2
DC	2
滄	2
siri	2
捆	2
棗	2
匪	2
捉	2
冤	2
絮	2
jp	2
TED	2
焢	2
蟋	2
瀧	2
pu	2
啄	2
矯	2
tag	2
YO	2
apak	2
毽	2
Facebook	2
444	2
xdd	2
耿	2
褐	2
尷	2
苑	2
措	2
豊	2
7777	2
32	2
liliumeow	2
ChinaBlue	2
舖	2
cosplay	2
COCO	2
136	2
jackd	2
htc	2
jptt	2
987	2
蛞	2
ON	2
楔	2
242	2
茵	2
MLB	2
儂	2
HD	2
Ok	2
謹	2
BBS	2
亻	2
Eason	2
鴦	2
harden	2
CA	2
庄	2
PPT	2
緞	2
潲	2
pk	2
齋	2
叢	2
竄	2
158	2
泛	2
朽	2
錠	2
螯	2
MP	2
鯡	2
奎	2
頰	2
nerf	2
ccr	2
葷	2
輟	2
菱	2
lovelive	2
阱	2
Ob	2
汀	2
彬	2
HEBE	2
Taiwan	2
燴	2
苔	2
煤	2
guy4	2
甯	2
mentalk	2
攀	2
LG	2
嬉	2
瞌	2
妣	2
俺	2
瓣	2
獼	2
109	2
羋	2
剖	2
hy	2
荒	2
76	2
予	2
foxy	2
掐	2
END	2
募	2
巔	2
toyota	2
哺	2
275	2
BB	2
55	2
痠	2
sex	2
苜	2
open	2
劾	2
涉	2
Op	2
P4	2
rap	2
05	2
晾	2
摶	2
fbpo	2
SOW	2
BJ	2
Yamaha	2
wwwwwwwwwww	2
ktv	2
MIT	2
猿	2
醍	2
鮫	2
詠	2
160	2
Idon	2
蜍	2
apink	2
MFC	2
叼	2
CSGO	2
蟀	2
脹	2
鈉	2
gogoro	2
ntr	2
ema	2
TOYOTA	2
JohnWick	2
琥	2
1cm	2
溺	2
wwwwwww	2
璋	2
92	2
EVA	2
underlover	2
1995	2
uber	2
bmw	2
眷	2
貫	2
that	2
靶	2
硝	2
杉	2
iPhone	2
Chat	2
崁	2
帆	2
SSD	2
隧	2
diu	2
唧	2
drive	1
cheers	1
refuse	1
琣	1
stepback	1
鈺	1
juicy	1
閏	1
1X	1
0800092000	1
xdddd	1
鎧	1
僱	1
Tab	1
2d	1
LilyLily	1
spotify	1
WithinYou	1
睿	1
timer	1
陛	1
KHS	1
鑣	1
HotHot	1
Betogether	1
Varfangoolloo	1
Clark	1
SQLINJ	1
Telegram	1
japari	1
咘	1
sg	1
pussy	1
aa	1
518QQ	1
Mussel	1
clownprank	1
柵	1
freeread	1
mimimi	1
咔	1
93	1
鯖	1
Shelter	1
Redditnsfwhardcore	1
Murphy	1
0617	1
easyeasy	1
jp6vu04boy	1
澪	1
130G	1
Agirllikeme	1
魎	1
雫	1
AEIUEOAO	1
Bora	1
Kitty94	1
1080p4k	1
Sailor	1
耆	1
Lime	1
TAS	1
磊	1
Mr	1
LAB	1
9487	1
wechat	1
ihaveadick	1
Brocawernicke	1
臣	1
CIA	1
Walmart	1
Egirls	1
礎	1
GOOGLEMAP	1
purine	1
ktvQQ	1
216	1
轄	1
薙	1
hitto	1
66000	1
887	1
Esay	1
IA	1
恍	1
Ac	1
683t	1
卯	1
迸	1
Man	1
butifyoustay	1
杆	1
GGRUNRUNderG	1
LadyGaga	1
gta5	1
hajime	1
Supershy	1
888888888888	1
yogurt	1
SER	1
Curry	1
Xdd	1
鉀	1
ettoday	1
R2D2WHEREAREYOU	1
Pizza	1
VER	1
AMA	1
38	1
RG	1
pze100	1
Iderror	1
RS	1
Marvel	1
paca	1
邁	1
D2	1
啼	1
3200	1
Aqours	1
0000000000001	1
Goodnight	1
TB	1
TWIce	1
CAMA	1
NTNV	1
KMTXDDD	1
KungfuKenny	1
Explosion	1
茸	1
o01	1
walmart	1
firstlive	1
show	1
callmebaby	1
care	1
mia	1
憎	1
obegon	1
kkman	1
梟	1
漵	1
Ken	1
Fuck	1
MOMO	1
floatintegerboolean	1
913	1
soap	1
yesterday	1
薈	1
limoncool	1
Boy	1
cockroach	1
欒	1
lightsaber	1
Jackson	1
comiket	1
Igotthekeykeykey	1
174	1
612	1
Mona	1
37C	1
cp9	1
juli	1
taipuomgtai	1
Amelie	1
Donttouchmeelmo	1
tplink	1
瀑	1
X4	1
tamama	1
clacls	1
氓	1
yummy	1
屜	1
奢	1
Trumpistriumph	1
GIJoe	1
yourmother	1
pedo	1
檎	1
HKT48	1
telnet	1
f1	1
疚	1
2120	1
涂	1
1P	1
PG	1
xDD	1
5fjojo	1
exponential	1
碖	1
niggrunrundela	1
悸	1
copy	1
GU	1
ulcer	1
峻	1
ssd	1
StevenTyler	1
mazda	1
upcomedian	1
bg	1
謗	1
LittleBritain	1
twod	1
璐	1
韭	1
Isitgoodtodrink	1
E31230v2	1
311	1
windowsME	1
bubu	1
RRRRR	1
Staff23	1
Ku	1
SODA	1
TOFAY	1
暨	1
Satta	1
Katy	1
index	1
筑	1
閻	1
Neo	1
Wreckme	1
232	1
冴	1
澈	1
TawawaMonday	1
J3	1
mycraft	1
1997	1
ibaka	1
PRC	1
唄	1
Resososidosila	1
888XD	1
Uniqlo	1
winteriscoming	1
玳	1
鶘	1
mgone	1
IRefuse	1
gearup	1
SIGNAL	1
wayyt4ni	1
188	1
hao	1
BurnBurn	1
忒	1
TehePelo	1
minit	1
唰	1
婉	1
D3	1
u263B	1
GTR	1
madao	1
Subway	1
100P	1
131	1
asloop	1
恢	1
Comeoncomeon	1
UNIQLO	1
ANDYOU	1
xposed	1
綮	1
Meteor	1
uu	1
櫥	1
turtlepower	1
AlexandreDesplat	1
HellKitty	1
CCMR	1
scania	1
F2	1
snot	1
x20	1
254	1
饕	1
娠	1
TFBOYS	1
SparkleSunshine	1
cs	1
6102	1
衙	1
TTS	1
ggrunrun	1
Gg	1
TBS	1
殉	1
chord	1
woman	1
RO	1
釁	1
240	1
theHum	1
扔	1
derno4	1
AAAAAAAAAA	1
boxbox	1
fleet	1
skt	1
Wayne	1
荔	1
uglyandbeast	1
2003	1
Apak	1
vw	1
寮	1
diarrhea	1
牝	1
産	1
12F	1
Hangten	1
scottrade	1
gmail	1
1qq	1
uryyyyyyyyyyyyy	1
TM	1
roxkuro	1
LuLu	1
10950	1
磯	1
諫	1
2f	1
析	1
espn	1
linebubble2	1
QQQQQ	1
沁	1
蛻	1
澱	1
RobertMcCall	1
derrrrrrrrrrrr	1
77777777	1
PDF	1
N8	1
Youareprettygood	1
optimal0204	1
030	1
AG	1
porter	1
絜	1
鞘	1
seveneight	1
linkinprok	1
R2o	1
superwet	1
godisagirl	1
淵	1
888	1
HIV	1
矇	1
sj4000	1
noreg	1
diefishfish	1
Do	1
Vistaril	1
codesize	1
iv	1
afk	1
牪	1
Davichi	1
bad	1
卉	1
1513	1
唆	1
170	1
can	1
listenonrepeat	1
开	1
2k17	1
meshowgunmo	1
9F	1
ps	1
cayenne	1
Teitch	1
too	1
faggot	1
33K	1
fhm	1
dislike	1
ga	1
RS4	1
450000	1
lul	1
Foodpanda	1
tartarsauce	1
GoodEnd	1
濱	1
MO	1
MJ	1
CoSin	1
1400	1
boyo	1
thedevilwearsbraja	1
remi	1
87878787	1
JTeam	1
DaveCameron	1
LOVEYOU	1
袍	1
2011	1
xyz	1
1vs15win	1
gaysai	1
hbo	1
bustards	1
chingchong	1
苯	1
阝	1
蜒	1
rock	1
翊	1
DCP	1
mews	1
18av	1
窯	1
yaka	1
昱	1
OHYA	1
blitz	1
LTHV	1
shi	1
僞	1
DVD	1
BWS	1
ggdainin	1
whoscall	1
Beta	1
500p	1
輓	1
GT	1
粱	1
overwatch	1
Bloomberg	1
nostalgia	1
769	1
515151	1
showgunfordummies	1
cookiejam	1
193	1
xddddd	1
cumonin	1
驈	1
Stussy	1
Dragonite	1
LIVE	1
GaGa	1
RRRR	1
猖	1
slogan	1
WasabiDay	1
辮	1
Iwillbeback	1
t4	1
Firstblood	1
鄔	1
括	1
Selina	1
lememeXD	1
kakaotalk	1
攪	1
nsmd12556	1
loop	1
毌	1
婕	1
opop	1
ducksoJohn	1
Tizzybac	1
ggggggggggggggggg	1
doge	1
Thanksgiving	1
airwork	1
vit	1
fbi	1
flash	1
柿	1
goldenage	1
scatmanjohn	1
3C	1
闔	1
SQL	1
orz	1
champion	1
7777777777	1
QQY	1
401	1
AppleMusic	1
gun	1
駁	1
deepsnow	1
AB	1
250	1
DDOS	1
NIKE	1
臊	1
縛	1
Mine	1
87777777	1
FlynnZhang	1
搧	1
MSI	1
ESPN	1
humanInjustice	1
Igotapresentforya	1
RX	1
胰	1
CRM	1
潟	1
懇	1
71	1
WECHAT	1
rm	1
譴	1
honesttrailer	1
laaaa	1
roseofpain	1
ubiike	1
taki	1
patek	1
GDI	1
filter	1
HohmannTransfer	1
35UP	1
debuger	1
222222222222222222	1
紡	1
prayfor	1
阚	1
撮	1
ichwill	1
Whocares	1
someonegreat	1
鮭	1
minecraft	1
瞻	1
曝	1
sowhat	1
googlemap	1
vlookup	1
聶	1
Whereisthetrigger	1
妊	1
kyo	1
鷺	1
Youf	1
Id5566	1
潶	1
09487	1
monster	1
4inamdwetrust	1
Elekedji	1
and1	1
YUIsummersong	1
4100P	1
202Q5000	1
Pavone	1
隘	1
4you	1
cn	1
簧	1
R2ONTT	1
呱	1
over	1
侈	1
雇	1
Zxc	1
Readytowhat	1
蔭	1
Kno	1
obo	1
鰓	1
SG	1
costcocostcoikea	1
孵	1
braunstrowman	1
2xK	1
WeBePP	1
oxxxxcat	1
Moonwalk	1
tknow	1
800	1
Oral	1
JustinBieber	1
圳	1
KLG	1
smithchart	1
DOREMEDOREME	1
pizza	1
Jack	1
yeah	1
cue	1
say	1
JapariPark	1
JohnCena	1
痂	1
GGGGGGGGG	1
K6V	1
56K	1
hotissue	1
倩	1
SlimShady	1
Dcup	1
俸	1
Boystalk	1
melody	1
41	1
audi	1
ROCK	1
Rrrr	1
bass	1
vogue0806	1
2g	1
410	1
70kg	1
陞	1
OVER	1
Hao	1
vectorspace	1
kissmyasus	1
AmberWang	1
coldplay	1
螋	1
Deadgiveaway	1
塘	1
DNA	1
elohim	1
HeyyouMrQ	1
Ihaveanapple	1
dickinthebox	1
top	1
XDXD	1
岔	1
AmyClara	1
Trashmusic	1
7der	1
419	1
GPS	1
驛	1
che3iong1ngai7	1
mitsuhamywaifu	1
ggrunrundela	1
螳	1
u9	1
Fulluslp	1
5p	1
shakeshack	1
GigaCircle	1
jcs	1
豎	1
Haha	1
OKEND	1
拻	1
vlog	1
JaneZhangfeat	1
nobodycares	1
jins	1
2222222222222222222222	1
findmydick	1
LOAD	1
玠	1
crosscartoonromance	1
kktix	1
emome	1
votewaldo	1
ANX	1
ABP	1
saziki	1
supermove	1
1828882	1
png	1
聳	1
ni4	1
StarBurst	1
鎬	1
蘢	1
BBCLL	1
Siu	1
812z	1
mostillogical	1
ubuntu	1
LH3	1
湮	1
FGO	1
zawazawa	1
130kg	1
囯	1
FA	1
Ohmygod	1
Tenga	1
B52	1
sgone	1
COSTCOIKEA	1
copydog	1
iseeyou	1
嚳	1
侏	1
FILA	1
wego	1
Unrealengine	1
35ptt	1
soldout	1
鴕	1
JAPARIPA	1
3R	1
122	1
88888888888888	1
japon	1
leader	1
kof14	1
VHS	1
叵	1
jjjjjs	1
ContentManagerSystem	1
Taichung	1
Hikakin	1
収	1
cost	1
璉	1
閩	1
More	1
liang	1
蚓	1
dochi	1
R17	1
瞼	1
Tgmf	1
cdpro2	1
0530	1
CLANNAD	1
TCFSH	1
nice	1
甕	1
inthenameoflove	1
k6	1
920	1
MarginalMan	1
YOUTUBE	1
IC	1
FIR	1
EarthDay	1
Rookies	1
湧	1
匍	1
詫	1
BOX	1
rainbowchannel	1
嫉	1
DJKOO	1
WIFE	1
韃	1
跔	1
energy	1
Superwet	1
prpr	1
厝	1
説	1
36k	1
cotsco	1
皋	1
29CM	1
FOX	1
Wenger	1
Sowhatwesmokeweed	1
gamble	1
fap	1
AorC	1
RS56	1
361	1
Bigboss	1
CARE	1
ob0	1
xDDDDDDD	1
TI	1
motionpicture	1
嗦	1
kungfufighting1974	1
Lok	1
TOEIC	1
萱	1
DB2	1
LisAni	1
lg	1
picturesofyou	1
枒	1
qrcode	1
C9pro	1
shok	1
asshole	1
100kg	1
tma	1
4DX	1
Coco	1
18X	1
PS2	1
烘	1
samsungpay	1
NTU	1
mu	1
skoda	1
Canon	1
gambit	1
elpsycongroo	1
DasBoot	1
陋	1
log	1
nothingbutshit	1
hey	1
scholarshop	1
ZZI	1
紊	1
Elecman	1
枚	1
towhomitmayconcerned	1
map	1
bemyboyo	1
Nocountryforoldmen	1
megumegufire	1
獒	1
Ican	1
7cm	1
EvaGreen	1
han	1
Coldplay	1
燼	1
Fat	1
freefolk	1
銜	1
CREEP	1
F7	1
MIJ	1
365	1
joeboy	1
SweetChildO	1
篷	1
Iseeu	1
Prada	1
逞	1
grind	1
TyraBanks	1
SuperCry	1
G7	1
Myhere	1
弁	1
Chinafunkingpig	1
boooo	1
IDreamedaDream	1
坊	1
Alt	1
炯	1
Nichtsogut	1
JohnCenaEND	1
wiselike	1
http520	1
Tiesto	1
Young	1
PPP	1
shumeisanmo	1
締	1
lolic	1
Alternativerock	1
eraser	1
bikein	1
疵	1
NGO	1
OW	1
petersu	1
TMASS	1
NT300	1
UltraBoost	1
usetheforce	1
nfl	1
dabin2017FailFish	1
fuckslowly	1
A42	1
JB	1
ad20	1
Uke	1
winter2683	1
iamonboat	1
twobanana	1
齦	1
驊	1
ouo	1
stand	1
幡	1
BBO	1
gle	1
佗	1
MLBVS	1
Whatdoesthefoxsay	1
256	1
腑	1
Whotel	1
WBC	1
sivhd	1
Gianyiball	1
痾	1
LIne	1
渾	1
6T	1
American	1
RSA	1
carter	1
youcan	1
costdown	1
CoCoLee	1
momo1244	1
S810	1
銖	1
itwillkill	1
callcall	1
MACHINE	1
asian	1
ShibeZ	1
WalterWhite	1
port23	1
25W	1
Ya	1
瀚	1
12K	1
Me	1
SH	1
Bignan	1
QQOOQQOOQQOO	1
c710	1
焊	1
瑁	1
jun	1
56ig	1
OMG	1
linux	1
allin	1
yellow	1
WiiU	1
泄	1
hede	1
Jiggers	1
Pmgo	1
UsainBolt	1
Howhowx	1
realforce	1
c4	1
蓆	1
麋	1
allrubbish	1
mum	1
March	1
nnlllnnobvowwwww123	1
8888888888	1
閥	1
viao	1
titchyoubetter	1
o2mania	1
hush	1
Ihaveadream	1
vvizz	1
Bautista	1
NT500	1
蠹	1
970	1
痺	1
Liv	1
銳	1
WhenIwasyourman	1
GTAGO	1
AngularJS	1
259220	1
Yamapi5566	1
甥	1
寇	1
ILiketo	1
Slashing	1
144w	1
mama	1
Frenchfried	1
Helloworld	1
彗	1
ujustaclown	1
yura	1
shutup	1
翠	1
DAGG	1
726	1
25GQQ	1
赞	1
765	1
CB	1
梢	1
trick	1
1234	1
喰	1
002852six	1
30mm	1
嫦	1
1FXDDDDDDDDDD	1
搂	1
RERE	1
901	1
sweet	1
airplane	1
BK	1
塩	1
MadMen	1
8F	1
遼	1
姚	1
PM	1
Minecraft	1
悚	1
ZZZZZZZZZZZZZZ	1
metal	1
猪	1
釾	1
垠	1
smackdown	1
BIMO	1
akemi	1
dropbox	1
鶩	1
Smellliketeenspirit	1
projectOrion	1
horsesondog	1
ner	1
JYP	1
Pianoman	1
Bmi32	1
aaaasss	1
imgur	1
溉	1
Yeeeeeeeeeeeaaaaaahhhhh	1
BUG	1
Pk	1
BASS	1
14710	1
wrrrrryyyyy	1
糬	1
SODesigner	1
acIpvqb	1
5S	1
Republicof	1
1x	1
颺	1
tone	1
Dreams	1
RY	1
0050	1
1055	1
OBAMA	1
bucketsort	1
siu	1
makegaygreatagain	1
BenBrode	1
Trump	1
bubble	1
夊	1
楹	1
12h	1
dogmeat	1
106	1
倚	1
AKAWeiken	1
derU	1
lamigo	1
78787	1
omaya	1
Staff	1
珂	1
晰	1
CHROME	1
ublock	1
ZZZZZZZZZZ	1
hani	1
4FXD	1
砦	1
FN	1
豕	1
the	1
uvaoj	1
Orz	1
opera	1
76XX	1
鍛	1
Sunburn	1
Imloser	1
tr	1
SAMA	1
BF	1
ladygaga	1
晡	1
MartinGarrix	1
惰	1
烽	1
liberalarts	1
碴	1
googlepaisura	1
psv	1
XL	1
7749	1
蝌	1
Closer	1
js52666	1
HG	1
166	1
Alanwalker	1
覦	1
买	1
JANET	1
K7	1
着	1
brun	1
Ihateu	1
07	1
gakki	1
GG3	1
winterishere	1
吭	1
MRT	1
BG	1
Bandofbrothers	1
Gogoro	1
alas	1
3c	1
噻	1
Maze	1
Iphone7	1
triumph	1
槳	1
OUTLET	1
煌	1
Pewdiepie	1
AAA	1
dodayachendaya	1
Ihaveadick	1
寿	1
LALALAND	1
NEET	1
荖	1
45000	1
Icemen	1
985	1
ons	1
Naomi	1
HPV	1
124	1
stackoverflow	1
Sp	1
bbc	1
LastOrder	1
lagan	1
APPLE	1
wellcometoghostisland	1
Nunes	1
foofighters	1
kerr	1
摧	1
Xxxx	1
dudusex	1
僑	1
滇	1
SeaMonkey	1
1432	1
GROWLr	1
SESHOT	1
郡	1
tenga	1
nokia	1
浚	1
morae	1
feelbadman	1
豔	1
NOKIA3310	1
瑀	1
server	1
GGnJJininder	1
001	1
yourface	1
捂	1
138	1
zxc7	1
IloveRolex	1
3DM	1
ps4vr	1
5cm	1
1234567	1
SSUU	1
iPhone7	1
笈	1
Sow	1
treatyoubetter	1
ie	1
amazon	1
areyousleepy	1
LOVELOVE	1
hoder	1
52	1
mit	1
Win10	1
os	1
俳	1
弒	1
350	1
10xint	1
179	1
騾	1
fortain	1
骰	1
15p	1
1835	1
Xdddd	1
273	1
1004	1
娥	1
袐	1
chickenattack	1
18058	1
101y	1
儸	1
ubike	1
DJSODA	1
madeinChina	1
箔	1
vpn	1
dickinabox	1
whereareyou	1
LM	1
magicfind	1
痊	1
20W	1
undertiger	1
Blue	1
祂	1
feedly	1
Head	1
Yi	1
wallby	1
r18	1
fool	1
japanavgirls	1
鱇	1
sourcecode	1
like	1
BradPitt	1
sboobs	1
roomservice	1
Costc0	1
buff	1
neihow	1
1K	1
s7	1
埼	1
apk	1
OPN	1
Fireinthehole	1
RICKCHEN	1
Fjallraven	1
walkthisway	1
keyboard	1
氕	1
thx	1
Ni4	1
釦	1
40000	1
ElvaSupergirl	1
sprettygood	1
諦	1
chinese	1
virus	1
tnf	1
p2	1
21F	1
bestregards	1
chisa	1
沐	1
奕	1
fireinthehole	1
HBL	1
cute	1
麒	1
pdp	1
Wechat	1
鵡	1
倖	1
叁	1
831	1
桓	1
office	1
T28	1
EAD	1
閑	1
JoJo	1
fingerstyle	1
摯	1
TheWorld	1
wd40	1
XDDXDD	1
循	1
DansGamegoawayWutFace	1
SHE	1
bilibili	1
咲	1
SexyandIknowit	1
ISIS	1
AC	1
鎗	1
PK	1
2F777777777	1
MeiFan	1
Lim	1
殲	1
yourpost	1
Kappa	1
ost	1
Uber	1
Rapeface	1
on	1
tfeedtroll	1
take	1
GOOGLEFC2	1
localminiman	1
Jolin	1
215	1
瘓	1
codec	1
seeuagain	1
SevenTeqiula	1
阮	1
烋	1
SA	1
胱	1
MT07	1
温	1
橇	1
MCHotdog	1
ma19	1
Ir2	1
1996	1
rightnow	1
觴	1
DIU	1
AR	1
1863T	1
COSTDOWN	1
665487	1
sm	1
GTAV	1
jyp	1
6JT	1
2ba2	1
download	1
愉	1
Fbi	1
魟	1
濁	1
M60	1
玥	1
Bitchsitdown	1
kururu	1
alpha	1
MOA	1
dp	1
SouthPark	1
Ford	1
貶	1
123456789	1
763	1
You	1
ryu	1
hT	1
Saythreesmall	1
KANO	1
1xux	1
Jr	1
Wow	1
ken	1
ouni	1
system	1
BANG	1
Willyw	1
gigi	1
GTO	1
TENGA	1
EXO	1
onCVC	1
NewWorld	1
soreloser	1
400w	1
raddit	1
kanasai	1
baseball	1
3600	1
yesplease	1
0000	1
RRRRRRRRRR	1
fc200v	1
14Fis	1
kazekaze	1
741XD	1
cinemax	1
PY	1
wewereonabreak	1
蕫	1
2fQQ	1
thecakeisalie	1
NAS	1
Cas	1
簿	1
youknowu	1
Producer	1
闈	1
bemyboob	1
Onlyyou	1
筏	1
棵	1
87P	1
Babyyouare	1
pppepvc	1
眺	1
DaftPunk	1
unity	1
finals	1
localnetwork	1
虜	1
ratuo	1
Thatheartiscold	1
pokemon	1
oftheend	1
30CM	1
UU	1
Anna	1
4DJ	1
築	1
叟	1
PetaExaZettaYotta	1
uno	1
91	1
ball	1
sushi	1
abc	1
KevinLove	1
190	1
敝	1
onlymyrailgun	1
RichardFeynman	1
whiten	1
chy	1
异	1
鱗	1
gre	1
rape	1
521	1
Deepweb	1
鄒	1
sai	1
dy	1
fin	1
FMVP	1
1T800	1
iloveyou	1
徴	1
隴	1
LHC	1
v4	1
person	1
fiftyman	1
噶	1
Warrior	1
WD40	1
蹛	1
evar	1
vanillakernel	1
Hungshowchu	1
CMW500	1
GOOGLEBOKU	1
EE	1
don	1
pcman	1
SuperRiskybuild	1
琰	1
ddos	1
VI	1
chromecast	1
onon	1
DHA	1
data1728	1
Thisismyhouse	1
bra	1
Ip	1
249	1
117nsysu	1
訟	1
菓	1
2k1687	1
uporn	1
Bvs	1
騒	1
BIGMOM	1
bonjovi	1
Chrome	1
pocky	1
蚿	1
BenQ	1
癱	1
103	1
roses	1
燜	1
棺	1
jjjjjjjj	1
paper	1
COOPER	1
leon131417	1
Netflix	1
Zerg	1
RPG	1
MIU	1
晒	1
gsharp	1
虓	1
Pro	1
chinesefood	1
礼	1
掍	1
1987	1
stilllivingyou	1
xisaboutpower	1
Etlux	1
輾	1
LBGT	1
漬	1
Id4	1
RD	1
GambleGhost	1
te	1
艹	1
airpods	1
ONE	1
Turbo	1
TaylorSwift	1
PM2	1
乩	1
Allahuakbar	1
薬	1
regularshow	1
Dildojump	1
TAMAMA	1
盞	1
accord	1
INTEL	1
嘈	1
20cc	1
dickinbox	1
TheParty	1
Toyota	1
攣	1
17zzz	1
RAPEGOD	1
nero6	1
0932313520	1
youtobe	1
SPSS	1
Seasonic	1
囚	1
summerlesson	1
PAPADOG	1
partner	1
M19	1
Ifeelgood	1
Yee	1
蝂	1
狡	1
yamaha	1
溥	1
motherlover	1
SomethingFromNothing	1
LUCCILUCCI	1
881	1
0Ptt	1
OnebeerforKaiji	1
SP	1
party	1
n	1
sababa	1
16gb	1
dx	1
job	1
gps	1
au	1
arduino	1
ckingbit	1
p4	1
cena	1
jump	1
Reanimation	1
MAYSHOWGUNMORE	1
14nm	1
MIO	1
cldjcabojljgv	1
aimer	1
Dearmyfriends	1
Boogowsooni	1
300p	1
ie80	1
蟭	1
Babyboy	1
NativeAmerican	1
SKF	1
gbye	1
掘	1
穂	1
pi	1
ShootingStar	1
ible	1
old	1
JOJO	1
poi	1
340	1
LEXIBELLE	1
怯	1
汨	1
WeAreX	1
whenI	1
ABC	1
P5	1
jk	1
Sounding	1
120140	1
粵	1
Loser	1
k7	1
Bignana	1
PC	1
AnfauglirJS	1
outlook	1
Radwimps	1
踝	1
oo7	1
officehour	1
pokerhow	1
ES	1
Nacy	1
漓	1
WHO	1
GordonRamsay	1
JG	1
ahq	1
sushiallnight	1
tinyurl	1
song	1
TA	1
Twice	1
nininini	1
頡	1
ac	1
golddigger	1
22222222	1
MDX	1
How	1
partyintheU	1
瑕	1
LF2	1
googlekeep	1
227	1
adj	1
LINEFB	1
斈	1
seven	1
蛟	1
1912	1
XDj	1
209487	1
扒	1
XDDDDDDDDDDDDDDDD	1
Hellos	1
1568215891	1
庁	1
tim	1
31	1
榕	1
oOp	1
1300	1
46	1
SK	1
LIHI	1
1111111111	1
codeS16	1
BMI50up	1
sp	1
Foolhd	1
F14	1
oldhermitcraftorder	1
妤	1
姍	1
garbage	1
Kyrgios	1
tonight	1
株	1
菁	1
363	1
VoodooKingdom	1
Yahxx	1
FC2	1
detention	1
Erika	1
3f	1
諱	1
81K	1
Whygrow	1
1bit	1
onthefloor	1
歇	1
Whocare	1
ic	1
FIGHTING	1
RiskyStacking	1
sis	1
Nownow	1
booker12	1
Pitt	1
54321	1
fq5566	1
175	1
porz	1
jobwil12	1
Macrosoft	1
phone	1
Galle5566	1
email	1
jma306	1
LDS	1
birdjesus	1
饞	1
YOLO	1
rainearthquake	1
DOCTORWHO	1
THE	1
rz	1
geegeegeegee	1
Peanutsavemagic	1
LeBron	1
醺	1
7d	1
Ikea	1
breast	1
OOXX	1
chrome	1
pdf	1
cook	1
孌	1
good	1
hhh	1
彿	1
Mi3	1
md	1
hd	1
沂	1
YH	1
eatold	1
ph10000000	1
V6	1
Yeeeeeeee	1
Cicero	1
off	1
FOB	1
CCRby	1
Mazda3	1
581	1
safari	1
tercel	1
2200	1
XCEOX	1
ken3	1
怠	1
childp	1
wtffffffffff	1
芮	1
駡	1
1z1	1
faketaxi	1
teen	1
Cestlavie	1
R2D2	1
supreme	1
磋	1
chi	1
LA	1
没	1
軋	1
SmoothQ	1
sayitwithaheartbeat	1
reverseM	1
tomchen60229	1
by2	1
FAB	1
DT	1
冗	1
roots	1
guy	1
煽	1
58gua	1
ItookapillinIbiza	1
ppt	1
911BJ4	1
銃	1
poNBA	1
console	1
waiting	1
Roar	1
gotit	1
8800	1
tvbs	1
rude	1
懺	1
画	1
thinkpad	1
Pence	1
HENTAI	1
alone	1
Gordonramsay	1
klg	1
鸞	1
for	1
氨	1
cappuccino	1
KMTor	1
curry	1
Wadashi	1
brautiful	1
223	1
gllgoe	1
566	1
ggd	1
motherscientist	1
痙	1
ASUS	1
焼	1
Mobley2005	1
Keroro	1
哞	1
airwaves	1
metoo	1
WorldOrder	1
俏	1
YAHOO	1
Magic	1
棧	1
啓	1
CVS	1
wakuwaku	1
520	1
psytrance	1
11F	1
LeaSeydoux	1
jefuejwsiwoj	1
airforce1	1
inoreader	1
吏	1
WC	1
40010	1
ThenYouLookatMe	1
HilN	1
200p	1
BigMamma	1
Melody	1
Zooey	1
911EnterShikari	1
greedy	1
430	1
ps4pro	1
Gan	1
Oasis	1
Joker	1
total	1
犁	1
wow	1
wuyiu	1
dickhead	1
紂	1
joooooooohncena	1
niconicoer	1
蹷	1
矚	1
Yuju	1
遐	1
WesternMusic	1
turboortrouble	1
Aska0910	1
黛	1
22222	1
AUDI	1
ROLEX	1
ZF3	1
End	1
work	1
Topgun5566	1
gnuglibc	1
march	1
菘	1
Bommer	1
auo	1
EZ	1
嘮	1
AHQ	1
886	1
youknownothing	1
煨	1
7788	1
cindybaby	1
fakme	1
bojunp	1
MG42	1
4444	1
Nba	1
byebye	1
Neworder	1
Nina	1
RRRRRRRR	1
BLAZ	1
PiTT	1
佻	1
Momo	1
Agame	1
iem	1
盯	1
turnontheradio	1
摹	1
gopro	1
Google1man1jar	1
TEST	1
821	1
No	1
囍	1
Brita	1
浦	1
7878	1
acdc	1
MIB	1
3k1h1s	1
36D	1
Gackt	1
themuseofnonsense	1
makeing	1
隕	1
CCT	1
醃	1
緬	1
realAmerica	1
punk	1
myphone	1
Yeeiyeel	1
槻	1
HP	1
熏	1
緝	1
淆	1
24k	1
Howhow	1
gon	1
x5	1
155	1
YOUTUBER	1
BarPaly	1
F91	1
thisav	1
youporn	1
嘀	1
100miles	1
467	1
youdonterectanymore	1
shemale	1
Super	1
tech	1
twomix	1
0A	1
box484	1
碌	1
THANKYOU	1
痱	1
IdiotR20	1
咯	1
皿	1
911turboS	1
NPC	1
BetzabeArzola56	1
special	1
suckmydick	1
EYESONME	1
minimum	1
123test	1
NewYorkDCCA	1
chyokigupa	1
Gstar	1
AAPL	1
廬	1
theend	1
Refrigerator	1
835	1
鹵	1
wot	1
USA	1
cumgia	1
Fuckingmother	1
talk3small	1
cuxi	1
DaydreamCaf	1
AVnight	1
he	1
IT175cm	1
bl	1
鷄	1
閔	1
2700	1
miuterm	1
ubi	1
呎	1
ABAB	1
500P	1
ttrythisathome	1
psy	1
whysoserious	1
SFOnline	1
Cd	1
007	1
gu	1
matlab	1
吟	1
HangTen	1
Disgusting	1
REDBULL	1
366	1
Mobile	1
PSV	1
888888888	1
Trumpwinsagain	1
coachsurfing	1
xxxx	1
撫	1
pttnewwelltea	1
777777777	1
i7	1
脅	1
貂	1
0f	1
pinkin	1
xxxxx	1
L4d2	1
MTV	1
圃	1
sentfrommy	1
Faded	1
烹	1
transgender	1
諮	1
臀	1
穀	1
tigerduck	1
尢	1
Yahoo	1
MingLee	1
32B	1
湾	1
148487	1
RRRRRRRRRRR	1
touchptt	1
AF	1
995	1
madtv	1
机	1
213	1
minigun	1
雿	1
KataMara	1
QQQQQQQQQQ	1
暝	1
TICC	1
墟	1
GG3B0	1
TOVIRICHI	1
喱	1
bloodyberry	1
YOYODIY	1
魍	1
Gottafuckupandtry	1
ctrl	1
prank	1
zzzmasterbate	1
sean90330	1
LaoMaDeNine	1
cream	1
shy	1
鲍	1
TPE	1
DanielNegreanu	1
攴	1
鏈	1
讃	1
fu	1
xn	1
賬	1
瑣	1
Kururu	1
沱	1
Kmt	1
2320	1
30up	1
passport	1
EF	1
L4D3	1
gif	1
goldenx5	1
netscape	1
miuptt	1
zoeforce	1
Publicagent	1
thor	1
powerpoint	1
氪	1
WC3Custommap	1
ccrnogood	1
200G	1
柒	1
IDON	1
囑	1
20UP	1
髭	1
Mia	1
WestLife	1
慨	1
onas	1
28Ptt	1
RedHat	1
倌	1
injail	1
tfuckanymore	1
call	1
晝	1
Girls	1
birdman5566	1
F10EQ	1
COMMUNEA7	1
3300	1
KASU	1
Nokia	1
sexty	1
Test	1
setting	1
lisa	1
16648D	1
skin	1
djsoda	1
EA7	1
帷	1
tpass	1
LandRover	1
鱼	1
BEEF	1
rrQQ	1
ProblemMaker	1
likeyou	1
Clingcling	1
UMF	1
BigHero6	1
Ov	1
firefox	1
JS	1
laboys	1
魑	1
蝏	1
700w	1
M0	1
bananaline	1
LNG	1
vr	1
擻	1
solarbeam	1
Shoulder	1
釘	1
z2	1
Dio	1
RRRRRRR	1
1998	1
既	1
jg	1
Malamute	1
Jay	1
guetta	1
pay	1
rapperraper	1
茜	1
123	1
225	1
89757	1
瀏	1
軼	1
RAT	1
helloworld	1
thuglife	1
veux	1
lavisage	1
MrDJ	1
箏	1
98	1
thisismj	1
ssr	1
HI	1
htc10	1
youbetyourlife	1
mpc	1
8w1	1
榛	1
裳	1
BVB	1
anal	1
bgm	1
176	1
sport	1
Thinking	1
perfume	1
zaza	1
flag	1
Reddit	1
33333333333	1
Gogo	1
Luismth	1
panamera	1
暮	1
OAO	1
smosh	1
XDDDDDDDDDDDD	1
KOBE	1
啵	1
96	1
wikifeet	1
蕒	1
戩	1
FORCE	1
碘	1
Glory	1
Youmakemerockhard	1
9218	1
醣	1
soonman	1
膿	1
WORD	1
asyourwish	1
宸	1
ro	1
fi	1
an	1
Mayshowgunmore	1
柄	1
Goodluck	1
涪	1
tsee	1
翟	1
nb	1
gayparty	1
jj	1
fatsoftdick	1
204	1
Verilog	1
NA98	1
221	1
121	1
BeForU	1
HOWMUCH	1
茱	1
SF33	1
旳	1
madoka	1
defender	1
leceh	1
fullof	1
ant	1
samore	1
seab0x	1
红	1
singGG	1
MH	1
14000	1
柑	1
yooooooooo	1
6GB	1
禛	1
Game	1
ai	1
Joke	1
pot	1
Redick	1
烊	1
Cherry	1
sitdownplease	1
蠆	1
XDDDDDDDDDDDDDDDDDD	1
Kk	1
okcomputer	1
congroo	1
AXN	1
XANAX	1
SEEMOMToldU	1
Rs5566	1
MASTER	1
sienna	1
蜰	1
杞	1
IWatch	1
fuckyou	1
jasome	1
馳	1
pttbest	1
ISO	1
Youarefired	1
枸	1
嗝	1
1205	1
sram	1
汶	1
40w	1
211	1
XDDRZ	1
superlovemv	1
168	1
a000000000	1
boobbox	1
Maxwell	1
歛	1
143kg	1
now	1
iOS	1
Susan	1
django	1
佣	1
体	1
GGinreallife	1
Swatch	1
瀾	1
fenish	1
沃	1
Ro	1
AKB	1
髏	1
嗅	1
彷	1
迅	1
airjapan	1
19Ptt	1
feel	1
GAGA	1
twitter	1
hentai	1
丞	1
SibylSystem	1
broker	1
460	1
4chan	1
薔	1
1992	1
覬	1
蜚	1
Lastchristmas	1
tt	1
witchcraft	1
繫	1
Rr	1
cardsofhouse	1
汐	1
NN	1
vim	1
Ice	1
茅	1
ABCDE	1
NoBall	1
i62	1
0ov	1
堃	1
UPLAY	1
UnlimitedBladeWorks	1
訣	1
neo	1
everyday	1
搥	1
LMS	1
DOOMMAN	1
潢	1
Thisisabook	1
Kiiara	1
褥	1
holkhogan	1
尉	1
A2	1
Authy	1
徽	1
Robot	1
makeloveok	1
参	1
窒	1
蚪	1
蚰	1
F8	1
SIZA	1
WIN10	1
wedon	1
CANBLOW	1
Diablo2	1
耙	1
9000	1
鉻	1
FIN	1
qwerty	1
Metoo	1
蕙	1
bully	1
696	1
all	1
遵	1
Shananananananana	1
蛀	1
port	1
Minimum	1
FUN698	1
k3xDDD	1
Hi	1
nonocomQQQ	1
FGOCGSSGBF	1
rome	1
hiyo	1
GeorgeA	1
Iphone44	1
瀆	1
kotsu	1
thave	1
Hitler	1
googleQ	1
utuber	1
my	1
nonnonnon	1
evildead	1
1XDDDDDDDDD	1
JeffKent	1
realcn	1
MicorGG	1
sir	1
APPLEmusic	1
HPPP	1
zeff	1
crissy	1
Wallmart	1
Alphaderyuefu	1
2der	1
esity	1
redhead	1
Macau	1
sister5566	1
Barbiegirl	1
吶	1
癲	1
T8IE	1
鉉	1
Generalissimo	1
ntu	1
sueprdry	1
綻	1
udn	1
fleeaaa	1
Gogoro5566	1
OX	1
subaru	1
MIC	1
0a	1
indifference	1
Jing	1
儿	1
Thefray	1
Idontcare	1
beyond	1
anything	1
Su	1
JilSander	1
YEE	1
BeautyandaBeat	1
撸	1
Msn	1
ATI	1
csgo	1
kmtdpp	1
JOKE	1
seefood	1
Rowana	1
ConfusedNickYoung	1
rtu	1
girl	1
andy	1
韶	1
Westdoor	1
Jacky	1
6M	1
咁	1
lag	1
耕	1
kk	1
Imember	1
SAVE	1
hhhhhhhhhhhh	1
Y9	1
naturelog	1
32D	1
躧	1
艱	1
4426	1
tumblr	1
oasis	1
communication	1
CARHAND	1
Jerry	1
tiesto	1
2k	1
TRIVAGO	1
pollo	1
299	1
NTULAW	1
笳	1
googleban	1
dara	1
堤	1
tight	1
ccc	1
舁	1
Amoron	1
実	1
charlie	1
208	1
Rihanna	1
冇	1
褪	1
襠	1
沮	1
mix	1
QQ88	1
Grindr	1
battlegirlhighschool	1
釜	1
2000z	1
64bit	1
MMA	1
6663	1
5219	1
violation	1
艮	1
礻	1
Iwantplayagame	1
twitch	1
K2	1
masterslave	1
錫	1
big5	1
cg	1
298774	1
110KG	1
欯	1
280	1
shamballa	1
噫	1
aceinhisass	1
鮟	1
疝	1
KISS	1
T55	1
solo	1
st9760916	1
s810	1
nyc	1
mustangwanted	1
祁	1
kangaroo	1
alin	1
MacBookpro	1
zf3	1
uN	1
犇	1
YUNA	1
doingthewrongthink	1
damnit	1
鑲	1
PRANK	1
mj	1
bluecheese	1
Johnsnow	1
WWII	1
ONEMAN	1
GTA5MOD	1
cy	1
KG	1
瓊	1
llRemain	1
TwoStepsFromHell	1
pepper	1
鎚	1
level	1
js	1
88888888	1
MEQQ	1
300up	1
BBBBBBBBBBB	1
kingofnorth	1
Durant	1
Hush	1
japan	1
卒	1
悖	1
gnome	1
radiohead	1
wwe	1
MissKo	1
OhmyladyI	1
覔	1
bmi	1
222	1
giveme5	1
36D2433	1
whatsong	1
Re	1
iPadPro9	1
XDDDlovesow	1
CTRL	1
CaseyNeistat	1
璞	1
Bigboobseverywhere	1
68	1
Tears	1
覓	1
篸	1
啞	1
vsauce	1
鵜	1
tar	1
touchBB	1
jacklareaper	1
andlthingabouthow	1
yeeeeeeeeeeeeeeeeeeee	1
Iwanttogonu	1
CAFE	1
150km	1
Costdown	1
3k	1
kim	1
罌	1
Acup	1
0800	1
mobilegame	1
Hardwell	1
yourgrace	1
伝	1
khs	1
kingdom	1
黒	1
AllhighBritannia	1
su	1
宥	1
25000	1
浙	1
4ch	1
籽	1
678	1
DQ7	1
8X	1
CP9999	1
Alife	1
careerwoman	1
壼	1
窘	1
歎	1
蠼	1
750TI	1
makiyo	1
10345	1
hongan	1
youdon	1
Chickenattack	1
codingstyle	1
艘	1
tabata	1
hole	1
fm035j6	1
LovetheWayYouLie	1
SnowSow	1
Swiss	1
8XL	1
altis	1
咭	1
巽	1
Line	1
j147588	1
fun	1
TK	1
suck	1
oncall	1
bangobango	1
ph	1
Songfor	1
餡	1
滬	1
TIGHT	1
oppo	1
nini	1
磐	1
GGGGGGGGGGGGG	1
溶	1
shogun	1
macmacbook	1
456	1
wtfman	1
崑	1
Itisgoodfordrink	1
MOD	1
諶	1
haha	1
beautyleg	1
handjob	1
22222222222222	1
Hail2U	1
gogogo	1
2004TVBS	1
1984	1
xxx	1
BattleBots	1
BEETALK	1
Romero	1
Backtobedlam	1
2499	1
Qoo20811	1
onlytrueman	1
cumonbaby	1
娞	1
aaaaaaaaa	1
rc	1
Kirakira	1
China	1
avbs	1
PLAYONE	1
only	1
schooldildo	1
DVA	1
Dpp	1
廝	1
澇	1
棕	1
five	1
奘	1
awesome	1
tony	1
realgeforce	1
shutdown	1
tcare	1
DER4	1
jerkout	1
HelloNico	1
ios10	1
閘	1
毋	1
乓	1
wish	1
cover	1
MakeAmericaGreatAgain	1
MSR	1
ITUNES	1
4w	1
弃	1
GoodLuck	1
mobile01	1
mt07689cc	1
vios	1
昴	1
117119109	1
鬣	1
GetLucky	1
currry	1
穢	1
instgram	1
1mm	1
MasterChef	1
ab	1
FC3	1
R2020	1
Whatthefuckisthis	1
姣	1
3017	1
BTS	1
net	1
Ver	1
Asics	1
adblock	1
LTD	1
mos	1
bigbang	1
KristenDunst	1
de	1
Xddddd	1
嚏	1
jizzeachother	1
683TXDDDD	1
El	1
Mimimimimimimimimi	1
絨	1
raw	1
01	1
bubblesort	1
腕	1
1FXD	1
32Y	1
ansi	1
毓	1
呸	1
askreddit	1
誹	1
babymetal	1
贓	1
盂	1
applemusic	1
lalaland	1
畝	1
B12	1
McAfee	1
RE0	1
unicorn	1
kiGo	1
娑	1
Home	1
蒲	1
DDR4	1
Youasianioiot	1
fuxdk	1
edge	1
珀	1
1014	1
喫	1
JR	1
LinkedPark	1
ky	1
Qq	1
Bruce	1
sistaralone	1
Migoencyan	1
obvo	1
CNC	1
TCARE	1
肇	1
FreddieMercury	1
87youtuber	1
MSN	1
GMP	1
Crypt	1
epicmealtime	1
Fall	1
plurk	1
渠	1
tobewithu	1
TOKYOHOT	1
399	1
Yo	1
nagi	1
3X	1
DonaldObovTrump	1
FG	1
tseeme	1
CIS	1
GAYBAR	1
慄	1
RED	1
CWB	1
nigger	1
Va	1
匐	1
亜	1
chiropractor	1
紳	1
878787	1
coco	1
UCSB	1
era	1
highendhard	1
ben	1
颳	1
2222222222	1
maple	1
呻	1
2w	1
High	1
gd	1
GTA5	1
Revenge	1
鯧	1
calljungler	1
philhorn	1
Sevenstar10mg	1
zzzzz	1
3cm	1
嫖	1
Herbs	1
灷	1
2D	1
TrollTrace	1
getwild	1
xDDD	1
derrrrr	1
4K6v	1
185	1
吮	1
Han	1
蹓	1
鱧	1
燎	1
KingOfShowGan	1
36C	1
pm2	1
daddy	1
慷	1
蛄	1
elta	1
誣	1
133221333123111	1
Dick	1
133	1
pofb	1
55555565	1
7777XDDD	1
UUU	1
PUSH	1
Team	1
Awholenewworld	1
beats	1
e04	1
thejohn	1
8767653	1
馮	1
GNR	1
臃	1
pixel	1
1A	1
0806449XDDDD	1
125	1
擄	1
whatthefuck	1
棲	1
Sana	1
177	1
cam4	1
shootingstar	1
NATURALKITCHEN	1
budalearning	1
悪	1
californiagurls	1
StargazyPie	1
YY	1
Mi	1
222222222222222	1
asswecan	1
1440	1
oor	1
GTAGAY	1
Mother	1
Finance	1
2900	1
900	1
Happysong	1
叡	1
姉	1
傍	1
cosco	1
PS3	1
tlookbackinanger	1
2E	1
Sup	1
潦	1
950m	1
APAK	1
itunes	1
囪	1
crunchie	1
movie	1
54	1
pagenotfound	1
1919gogo	1
gitpullorigin	1
蚯	1
Saymyname	1
poe	1
VX	1
tapeout	1
9s	1
弧	1
790	1
DAKARA	1
楣	1
NSFWList	1
Lambo	1
桔	1
穹	1
MARUTARO	1
googleplay	1
NMD	1
鬘	1
6XL	1
Open	1
暇	1
iCloud	1
onkyo	1
Paul	1
NET	1
motel	1
DNP	1
rrrrrrr	1
imas	1
遂	1
Whatisthis	1
俞	1
MIS	1
Iwantedyou	1
htcone	1
rrr513	1
Toyz	1
贖	1
Skype	1
downGa	1
Nowgorelemei	1
stay	1
awp	1
hypocrites	1
COVER	1
rawwwwwww	1
STD48	1
karatebig	1
myours	1
fuckme	1
盈	1
祈	1
penis	1
惢	1
EvaR17	1
Shapeofyou	1
mailto	1
Dyson	1
oBasicCanShoot	1
gaytube	1
TR	1
Cityostar	1
Yoooooooooo	1
Faraway	1
PCMAN	1
standby	1
LYS	1
Longliveandprosper	1
youkober	1
Tonychen	1
SiliconValley	1
咳	1
nacy204327	1
Zzzzzzzzzzz	1
utadahikaru	1
python	1
bubbletea	1
Greendicksucker	1
BurningNight	1
googleinc	1
2mm	1
YouTobe	1
gamegame	1
瘸	1
pe	1
iPhonesetting	1
殯	1
Heyapple	1
470480	1
TWICE	1
cubapiso	1
ion	1
thestig	1
BGM	1
COSTCOLevis999	1
87o	1
khail	1
pantyhose	1
TTisleman	1
Iwanttoplayagame	1
橫	1
膳	1
莧	1
88998	1
Tesco	1
seagate	1
AmandaLove	1
travigo	1
闇	1
yayayaya	1
HY	1
StoneCold	1
slut	1
switch	1
spec	1
freewifi	1
Fb	1
Hani	1
Lara	1
